x,y,vx,vy
-4.144975054610361420e-01,3.784943083226759430e-01,1.106019926618703464e-01,3.756735079437217850e-02
1.229666301962656583e+00,-4.340211590407307418e-01,1.497956657691320181e+01,1.417933681432438642e-01
3.401475306597524284e+00,5.382984632479054232e-01,1.518934026662796910e+01,8.010292523796184172e-01
4.850778404660900378e+00,9.742782621972312374e-01,1.556118323786493463e+01,2.092627704707721747e+00
6.064972068857565901e+00,6.795004758760754271e-01,1.535562565936069035e+01,1.777894935792402542e+00
7.675782001910070207e+00,1.570607902561540037e+00,1.543088540860723867e+01,1.606447227543987166e+00
9.790042476891620993e+00,5.276514776076199897e-01,1.493296034512330195e+01,2.612763302426966749e+00
1.038723138488132847e+01,6.353657826426076793e-01,1.554194657282653580e+01,3.232600296123811390e+00
1.250570150417326687e+01,6.773659521192171296e-01,1.568500259723236390e+01,2.669547841190495152e+00
1.368084920121522607e+01,2.667876822627297084e+00,1.614690355543087463e+01,4.056158926069573845e+00
1.524028564813644593e+01,2.566123620639386704e+00,1.557947375269291612e+01,2.817702285179135568e+00
1.748232658672693773e+01,2.495384815248429700e+00,1.590386420813205604e+01,2.634492023074219702e+00
1.893546559074972535e+01,2.968373372319966119e+00,1.597300766033689712e+01,2.836596904893231574e+00
2.055086180195035794e+01,2.418513792446158384e+00,1.668673166087230797e+01,1.797169882436240540e+00
2.243497487077552677e+01,4.216848720559467800e+00,1.635269617276716048e+01,3.865924306947073064e-02
2.344015621581974784e+01,3.025048803375085082e+00,1.655789473578116500e+01,3.897743816628845837e-02
2.542373927490963226e+01,2.897576359104956811e+00,1.671345389550279847e+01,-1.377639693122773679e+00
2.659182672261878722e+01,3.113667994596894584e+00,1.669795585348055056e+01,-8.372445428824787372e-01
2.857669194793392364e+01,2.822815132439612018e+00,1.654255662337673627e+01,-1.935345776740862167e+00
3.001032949163673891e+01,2.406945524537882353e+00,1.666614946917827211e+01,-2.229525303397370095e+00
3.181047401638767624e+01,1.733923306730497993e+00,1.718783967566530890e+01,-2.014709305160478969e+00
3.375326628955340880e+01,2.179022826566940907e+00,1.662916283961296671e+01,-1.765772651474002641e+00
3.474994566010259689e+01,2.703187685706699650e+00,1.707357315108790985e+01,-1.620999041017972875e+00
3.790026984345765015e+01,2.131403748983032642e+00,1.674016579447415864e+01,-2.910677386400940758e+00
3.804593032916166351e+01,1.903976911606044764e+00,1.730714213164333160e+01,-3.568687573855287898e+00
3.964727919744938589e+01,5.081280615636012410e-01,1.659738876788227913e+01,-3.475423194991551945e+00
4.252471615639696267e+01,-1.744514765708162218e-01,1.674519560385531136e+01,-4.420706220613463522e+00
4.404919486311741395e+01,-1.561112642140383977e-01,1.719019152740954226e+01,-4.179787977715431424e+00
4.566815937317682028e+01,-5.322699876834545707e-01,1.749701669391819081e+01,-4.379982661597402682e+00
4.737410332565406179e+01,-5.070792181600135562e-01,1.701858598538992950e+01,-4.277268435199454544e+00
4.874991339607618102e+01,-2.448031899232627318e+00,1.679450225676912467e+01,-5.643493605299648053e+00
5.005489149421943296e+01,-1.227229785053032707e+00,1.803916609545929362e+01,-4.312994497954940165e+00
5.229652386554222687e+01,-2.464159690198765684e+00,1.711662489470531057e+01,-3.957992575764691878e+00
5.365957284820670736e+01,-3.086122027642869803e+00,1.673567938818794687e+01,-4.101344716302589788e+00
5.625144753552206822e+01,-3.796128299532507189e+00,1.778934398352022939e+01,-4.415048562723553616e+00
5.743472468548137044e+01,-4.644067755305306910e+00,1.729304080688672229e+01,-4.773898033066766189e+00
5.885255668206966817e+01,-3.915487913689391419e+00,1.726414919719560359e+01,-4.601027618756329929e+00
6.081022048370714117e+01,-4.973055300167979809e+00,1.726858817486698428e+01,-6.992487253430724969e+00
6.284052471188896760e+01,-6.452179615026754078e+00,1.670459601630651036e+01,-7.804153890184876374e+00
6.402961480068998412e+01,-7.238854714556732795e+00,1.660495733418709463e+01,-7.352642646748411615e+00
6.561206903939331880e+01,-7.483610737108017830e+00,1.673293028124439630e+01,-7.357768911676540569e+00
6.786924152415568301e+01,-7.193550407443695782e+00,1.750392401081601790e+01,-7.184501934285104419e+00
6.959617431785653707e+01,-8.882770708869671239e+00,1.745799149231202918e+01,-7.423642905179355544e+00
7.094144945272874736e+01,-1.025801345729745151e+01,1.718254732198760948e+01,-7.839096494713139407e+00
7.262598043665930447e+01,-1.051086547553945216e+01,1.721977658935579925e+01,-9.010302891100636202e+00
7.461675570733835627e+01,-1.146844887303326921e+01,1.607128606201286658e+01,-9.808113526658194914e+00
7.539898898799177118e+01,-1.366530919774003827e+01,1.576534664953146248e+01,-9.837562840620432070e+00
7.709662854061055270e+01,-1.324453604391643857e+01,1.656572026961968547e+01,-9.236219313200399128e+00
7.913886243619883487e+01,-1.420709204209337706e+01,1.696356538535554392e+01,-8.672225889777820385e+00
8.101030549349073340e+01,-1.476684762246091154e+01,1.626244706001289586e+01,-1.070002897264690489e+01
8.291248113191966240e+01,-1.519028797738240399e+01,1.632761198038309303e+01,-9.898888130210206526e+00
8.511963740279529134e+01,-1.658554357925546796e+01,1.635493607095275692e+01,-1.009054200326003858e+01
8.640404541750524459e+01,-1.837463469071662914e+01,1.555710128858012631e+01,-1.151176320687012478e+01
8.752531944110340589e+01,-1.983827191252640176e+01,1.673386038303074486e+01,-1.033596915620925039e+01
8.928169506724083249e+01,-1.896014583739459880e+01,1.683449929755285979e+01,-9.249867110897625366e+00
9.052291479148644271e+01,-2.110161847493316500e+01,1.766495177560810959e+01,-9.206911834816169815e+00
9.271314672356115238e+01,-2.208276799098223009e+01,1.708505578143327597e+01,-9.083277733931604203e+00
9.426495902974555463e+01,-2.308859442756613589e+01,1.700587654222895750e+01,-9.742286767914512424e+00
9.627720459378420514e+01,-2.393821838080659958e+01,1.723649982816495196e+01,-9.818792328521448454e+00
9.745708922171131405e+01,-2.498756490204516467e+01,1.768290636672854887e+01,-8.797970072223966653e+00
9.986697983558413227e+01,-2.612387004714559069e+01,1.755883567772098530e+01,-9.049045402466273202e+00
1.021047502511176646e+02,-2.704988747991516007e+01,1.770948792056791632e+01,-9.371388038471177850e+00
1.029633330082715759e+02,-2.782827943262178039e+01,1.685227922974680226e+01,-1.019282108445426083e+01
1.048355853002946958e+02,-2.921940240745048456e+01,1.638286469472868134e+01,-1.163407432162200550e+01
1.066441052846344064e+02,-3.037489070716582873e+01,1.661611778705007936e+01,-1.065696969222563695e+01
1.078338844240818446e+02,-3.092213419997890256e+01,1.778664887709405917e+01,-9.992929329047509412e+00
1.098807992536068951e+02,-3.206721484710732284e+01,1.713966583615137651e+01,-9.677137064125053811e+00
1.115576334189148611e+02,-3.206496312236120616e+01,1.836612418809611569e+01,-9.043506074996052746e+00
1.134003113126980224e+02,-3.498823522704065425e+01,1.798931306380302786e+01,-8.678566044692875181e+00
1.147386677896278400e+02,-3.402130865642884316e+01,1.730776165068420624e+01,-8.672289642896119588e+00
1.169287938560819953e+02,-3.481692264714504148e+01,1.795209219844278792e+01,-8.401638573859548487e+00
1.190201602083704699e+02,-3.720994875353494535e+01,1.834190744070988544e+01,-7.150142503098042113e+00
1.213513427096046229e+02,-3.708172514836338252e+01,1.879829149429011537e+01,-7.698970969325164226e+00
1.230131031592850093e+02,-3.768638890994448332e+01,1.888118121156236384e+01,-5.997793791142188802e+00
1.254252284095282164e+02,-3.903924517627532254e+01,1.801783931533591243e+01,-7.984279209704500779e+00
1.258136441997864381e+02,-3.948424689459667292e+01,1.791994578529667592e+01,-7.555977144756333530e+00
1.284860116736579982e+02,-4.040265094245158650e+01,1.838964184489714526e+01,-6.824445827179855151e+00
1.299829816375661835e+02,-3.975102228358239387e+01,1.768742899600514207e+01,-7.679949503937066879e+00
1.328314215677761467e+02,-4.093073613723984039e+01,1.797692381765709868e+01,-7.656563550246580974e+00
1.330919470334688981e+02,-4.171348560563831143e+01,1.782388514663485424e+01,-9.599613132478962640e+00
1.348250955071137582e+02,-4.295829054980325168e+01,1.772434256817216180e+01,-9.658572015460100246e+00
1.367108120861399243e+02,-4.482195202339448059e+01,1.778315707511344357e+01,-9.428736510524116099e+00
1.377780251160739340e+02,-4.532484065638363546e+01,1.800455285073043044e+01,-7.839111251572218997e+00
1.403843681127342506e+02,-4.566984248840795146e+01,1.805841304661520397e+01,-8.232481762743285358e+00
1.420381670134136698e+02,-4.744942726584506687e+01,1.770379644443167777e+01,-9.474132761924234813e+00
1.442386460785478732e+02,-4.744924369530928487e+01,1.710964900443474690e+01,-1.007316537603113815e+01
1.461212332490091228e+02,-4.881178204982320068e+01,1.832008024863787199e+01,-9.409626015417551059e+00
1.486882346320080899e+02,-4.973473477149132549e+01,1.826114819996878325e+01,-8.404652771650173548e+00
1.500002715495460848e+02,-5.009410890096081204e+01,1.768281492838026026e+01,-9.353655155312472047e+00
1.510322999301467064e+02,-5.108302829226523301e+01,1.796498702694691474e+01,-9.201577807342649962e+00
1.526694006447706613e+02,-5.233156220654633017e+01,1.804107706705340775e+01,-8.342618174926059282e+00
1.551990792310638767e+02,-5.232839755777641955e+01,1.773259618813077765e+01,-6.821933502987703513e+00
1.560974844011572600e+02,-5.426843393821000916e+01,1.797066037881327105e+01,-8.200219422977195194e+00
1.594616486363659078e+02,-5.426804505680051705e+01,1.767858721331220195e+01,-8.229558626290373269e+00
1.609043494439951303e+02,-5.516115328728456291e+01,1.738661529898912406e+01,-8.792361752396796959e+00
1.617768589351059916e+02,-5.661951828843816514e+01,1.688384368737265007e+01,-1.010007842108147891e+01
1.628635344535588274e+02,-5.728183153178525799e+01,1.762585552751428608e+01,-9.525806796355158923e+00
1.661152689145855277e+02,-5.902651309839728100e+01,1.737456295236559001e+01,-9.647665036239731151e+00
1.670963030153502018e+02,-5.889276269508136608e+01,1.698104840780210267e+01,-9.457981250580314025e+00
1.694730413733783507e+02,-6.041917108272573245e+01,1.717737762855776040e+01,-9.622928756335443978e+00
1.696811152949003940e+02,-6.167557370810872186e+01,1.666176570003542423e+01,-1.107534896954253156e+01
1.717761248369122882e+02,-6.200867774963722923e+01,1.625222234578984626e+01,-1.089208894220373480e+01
1.736529232923083725e+02,-6.402892810081067410e+01,1.576278005157718454e+01,-1.148822685684482003e+01
1.751975345271188189e+02,-6.558392580893890056e+01,1.504334684456000026e+01,-1.225611260002624014e+01
1.764592706428881286e+02,-6.687020076956865466e+01,1.531205847799696684e+01,-1.196095726742470866e+01
1.785262354904806728e+02,-6.696728883171287805e+01,1.542311707241813679e+01,-1.205361664032732527e+01
1.793113311000233523e+02,-6.893681696671568204e+01,1.657186587008553147e+01,-1.025463048360773044e+01
1.814086646453862386e+02,-6.842845688009690264e+01,1.653768227232686172e+01,-1.009525250520855089e+01
1.831828820238210369e+02,-7.133212101578467923e+01,1.674366401527781889e+01,-9.527254737787842487e+00
1.850143287121303786e+02,-7.043142022033568139e+01,1.618318030789085782e+01,-9.742511456514794332e+00
1.866404313663047390e+02,-7.231117980342349938e+01,1.567036454128329304e+01,-1.137790941306464099e+01
1.872435282638904539e+02,-7.360054087971229819e+01,1.527153370689851997e+01,-1.110962797776284994e+01
1.885585110451883679e+02,-7.495190446752199875e+01,1.581976646925558860e+01,-1.085554373869898370e+01
1.916056320193027602e+02,-7.540880553314408985e+01,1.620549843254623212e+01,-9.121943570120574662e+00
1.927595955360854134e+02,-7.656863788276406524e+01,1.678723835837097056e+01,-9.411363626362190260e+00
1.938540985376316712e+02,-7.691177134342240151e+01,1.640840599318186221e+01,-9.529568398495205983e+00
1.966313577331066256e+02,-7.831944981360550173e+01,1.607897399326973442e+01,-9.450947633981206408e+00
1.974791572777397448e+02,-7.930432611384307506e+01,1.551021640226335130e+01,-1.012070097768126864e+01
1.996251042585141136e+02,-8.046970519605461902e+01,1.604525286643060511e+01,-9.267074614384380737e+00
2.007099812275474733e+02,-8.116020199610433394e+01,1.653491298752273764e+01,-8.494392333856701782e+00
2.033728211373132524e+02,-8.175303860718005922e+01,1.681910252670895645e+01,-7.735108096353807028e+00
2.048427875544232108e+02,-8.360872664007224841e+01,1.605458958211196219e+01,-8.308121694871477558e+00
2.055117109939963598e+02,-8.415561172477251262e+01,1.670345297266442230e+01,-7.299915333174885390e+00
2.077311455795044708e+02,-8.394944759263081835e+01,1.673435146549758912e+01,-8.249655766077278685e+00
2.091941103775373847e+02,-8.502421950415039476e+01,1.677888593820518892e+01,-7.866383511278838725e+00
2.112507612965193857e+02,-8.580508989772449979e+01,1.708112825098635312e+01,-6.627100033244092359e+00
2.117395939646132490e+02,-8.638742216299654331e+01,1.656750281495144606e+01,-7.117209617956286039e+00
2.141932000565712997e+02,-8.694964995583794121e+01,1.631719571470308239e+01,-7.311243056611954394e+00
2.160035100803449382e+02,-8.810865541412132984e+01,1.642529049529985841e+01,-7.516256077330975671e+00
2.161929222183148909e+02,-8.898033440660178428e+01,1.567310347650338365e+01,-7.344086080341019063e+00
2.180081769089719330e+02,-8.936296501658382851e+01,1.519792907655676295e+01,-8.237830752617222529e+00
2.191031713978684934e+02,-9.081029872697425276e+01,1.472923799227401176e+01,-8.236618384831487560e+00
2.214558942738919427e+02,-9.105216761283162441e+01,1.479786898043863097e+01,-9.415849386500303453e+00
2.234313652542103341e+02,-9.300319173318139576e+01,1.501412313389205266e+01,-8.508841562681213944e+00
2.252556413456426014e+02,-9.259513402269898563e+01,1.417373099413250337e+01,-9.533518865832608213e+00
2.260353910246732312e+02,-9.371308763342695158e+01,1.541100417767450104e+01,-8.497871124052112535e+00
2.282647737765749696e+02,-9.471413459933026502e+01,1.415349399435907962e+01,-9.111651717599531963e+00
2.281902448352668387e+02,-9.526190897593785678e+01,1.385898314178657209e+01,-9.201790920180503264e+00
2.294863105968320838e+02,-9.576807922144523388e+01,1.464439806692170443e+01,-8.592072803221444843e+00
2.317052942629371728e+02,-9.702407423642033280e+01,1.426479244954200709e+01,-9.253303385816224136e+00
2.333227895301974684e+02,-9.936109333143586753e+01,1.448206524086067937e+01,-9.045797274091453843e+00
2.345602622267403490e+02,-9.989198826618154214e+01,1.432086267173501426e+01,-8.114521864390338735e+00
2.349110174547319900e+02,-1.004843066959890194e+02,1.400489328967462654e+01,-9.065894792350981390e+00
2.372687416781145657e+02,-1.010606106203391192e+02,1.367407939034007747e+01,-8.660393500597670879e+00
2.380331195955449743e+02,-1.016935311064712266e+02,1.366873828928200751e+01,-8.502178471980222696e+00
2.404171821760648413e+02,-1.031347437477818403e+02,1.423501353977009742e+01,-8.640581635528151949e+00
2.416012386155925356e+02,-1.035773440576866733e+02,1.355163277246684217e+01,-9.754732327671611358e+00
2.422136482247166498e+02,-1.050274498279642046e+02,1.218356860626689375e+01,-9.510013245251601077e+00
2.437095003015907650e+02,-1.058953870482353778e+02,1.327141852870565231e+01,-9.808761459043109809e+00
2.447254533547127835e+02,-1.072079718163738420e+02,1.330029096022563095e+01,-9.217560832671120252e+00
2.465155747944624238e+02,-1.078594383774128431e+02,1.273087346396450137e+01,-9.282838771894386554e+00
2.483233665635709428e+02,-1.089388379630211006e+02,1.310755166224419632e+01,-9.192333189829364315e+00
2.486135726457255828e+02,-1.096539740920893564e+02,1.275461171161518159e+01,-8.867979235416113326e+00
2.506213386688299352e+02,-1.095218538850117937e+02,1.270699955152340976e+01,-8.598626629059433313e+00
2.513716058952915375e+02,-1.113818182421423586e+02,1.250910138791411619e+01,-8.757393264324695892e+00
2.524681910340296724e+02,-1.104881917379606193e+02,1.207744044644929637e+01,-9.749952414172799564e+00
2.541086649893520075e+02,-1.123315842383128285e+02,1.296786097038702934e+01,-7.902477518215312635e+00
2.549513731605367184e+02,-1.132238131922245401e+02,1.341996022994919180e+01,-7.262339451566212745e+00
2.564443349482663166e+02,-1.145544573314244445e+02,1.268473283831373344e+01,-8.534145343250735039e+00
2.573916963679629362e+02,-1.145374903138050513e+02,1.258357283354839318e+01,-7.568660145823433716e+00
2.601955257951497060e+02,-1.159932148428392082e+02,1.245678875753583625e+01,-8.182099716859676519e+00
2.604760458322807040e+02,-1.164081930957059114e+02,1.159794548984427109e+01,-7.464233283202370117e+00
2.613871573253545080e+02,-1.158748721065516065e+02,1.313068994067182693e+01,-6.821289616049805993e+00
2.630848492259551676e+02,-1.179354813842903411e+02,1.188647777873905653e+01,-7.617291269684580257e+00
2.641875938188067607e+02,-1.179801307735961444e+02,1.255025344822055189e+01,-6.314188572610277994e+00
2.654038317203595625e+02,-1.195429740863794450e+02,1.236968579635187560e+01,-6.413743242683253243e+00
2.671080570898715223e+02,-1.197887014620054629e+02,1.247816775452030846e+01,-5.806404791257723019e+00
2.685062128803885457e+02,-1.193380097691970292e+02,1.361310089136428481e+01,-4.802009090300060734e+00
2.691738250461179973e+02,-1.210020670361653998e+02,1.297585558518978210e+01,-4.784718877924772684e+00
2.704352743109914172e+02,-1.202930220148101483e+02,1.294502927842452777e+01,-5.372068679579077966e+00
2.718369522991991403e+02,-1.214086421904788295e+02,1.249887099094809884e+01,-5.684602461956556496e+00
2.720421783095645196e+02,-1.226532686788248583e+02,1.232971968974064048e+01,-5.581658782668883489e+00
2.736432877226008600e+02,-1.226657206243372400e+02,1.210049018499638862e+01,-6.510462372752233939e+00
2.762937146636855914e+02,-1.230806982957371076e+02,1.170904509537529847e+01,-6.334578686217781751e+00
2.776415566079573978e+02,-1.238203310041809289e+02,1.238683225826807366e+01,-5.201253549142373700e+00
2.779169730071034792e+02,-1.254265257026004861e+02,1.207605578180050898e+01,-5.164570676802911819e+00
2.795439076877013349e+02,-1.255107770464316701e+02,1.167440722332003666e+01,-5.258672980237724559e+00
2.806501353878581995e+02,-1.256843365110813409e+02,1.226037649583984823e+01,-3.821715941644842296e+00
2.832585870899183647e+02,-1.260245002195658515e+02,1.269659168823408635e+01,-4.448747779023348059e+00
2.835412018959565330e+02,-1.259318646842296801e+02,1.287774406811879935e+01,-2.001369365827906144e+00
2.841781947725410760e+02,-1.263671545163226142e+02,1.250279564010004840e+01,-1.934665076440339471e+00
2.850060792643484433e+02,-1.273894338007992104e+02,1.231218185237603535e+01,-2.803939468992980633e+00
2.858977958224058398e+02,-1.268611851628914167e+02,1.207520446349435872e+01,-2.648032205522680371e+00
2.880190305103123478e+02,-1.270439795035896537e+02,1.278582149350937058e+01,-3.161597355272721899e+00
2.887436333053184399e+02,-1.273787875985045162e+02,1.215968049148818153e+01,-2.871475850781926020e+00
2.896171323387540042e+02,-1.273826871005565806e+02,1.219351765008035038e+01,-2.554158634516618509e+00
2.912090685681674813e+02,-1.277402839943054431e+02,1.235004320356836338e+01,-1.951153695640294616e+00
2.921866568266914896e+02,-1.281645880812270946e+02,1.202239492980715241e+01,-1.900877133596055701e+00
2.947470037328186550e+02,-1.287146307187714740e+02,1.168230822409049097e+01,-2.844096177288803595e+00
2.954875947922456589e+02,-1.298810708788268471e+02,1.137451503016008303e+01,-3.936450851370879800e+00
2.961700382404057450e+02,-1.292296263430206977e+02,1.125101609510680234e+01,-3.800458762299423032e+00
2.980495594691808492e+02,-1.296835526199440949e+02,1.134446171576500895e+01,-3.632924720312277422e+00
2.984800244193090180e+02,-1.299802393369474771e+02,1.153581752058458854e+01,-2.682306745937136583e+00
2.991126533824458988e+02,-1.311502784664728836e+02,1.103513594199045400e+01,-3.917793630851029718e+00
3.014031549055918617e+02,-1.314362892448896787e+02,1.120276586163435439e+01,-3.948164426621709300e+00
3.020095737326695939e+02,-1.307295278620998999e+02,1.096104346467044621e+01,-3.548029049048729178e+00
3.022963032916259181e+02,-1.316818639071508130e+02,1.077166713671365983e+01,-4.463958301420293040e+00
3.037910395818399252e+02,-1.317166045847902751e+02,1.011336531556635698e+01,-4.244170244094127575e+00
3.045143418614659936e+02,-1.324329729516572911e+02,1.093431897517710638e+01,-3.537647890076233370e+00
3.052964836906965616e+02,-1.328795982585966442e+02,1.046127222297273995e+01,-4.670510169911345599e+00
3.074884257951779318e+02,-1.328515668370046967e+02,1.067393768529190190e+01,-4.576397411286031947e+00
3.090229985400856094e+02,-1.339734238239200010e+02,9.560655370926646412e+00,-3.785931372428095631e+00
3.084257836262412980e+02,-1.340030946577912516e+02,1.119428434443754128e+01,-3.001824618105448650e+00
3.104735941846390688e+02,-1.345603734567204981e+02,1.062854464298229829e+01,-2.565121667862732657e+00
3.109064802666746914e+02,-1.348954423787045300e+02,1.072937469443958669e+01,-3.190770220462249007e+00
3.120049972523684119e+02,-1.352279778232476417e+02,9.855612152013920380e+00,-4.179013491820449566e+00
3.129736279310490090e+02,-1.353292948866375980e+02,1.039648166069572177e+01,-4.096243309433631907e+00
3.138629614919068445e+02,-1.360186259669560798e+02,9.935295166830908187e+00,-2.938498741112085977e+00
3.153476320677539206e+02,-1.354622117642401236e+02,1.009701308213846183e+01,-3.205185660677947634e+00
3.159716615131979438e+02,-1.366450749677940166e+02,1.121186258237951172e+01,-1.152064801510427117e+00
3.175837938711320589e+02,-1.363681235955781119e+02,1.055708414815739005e+01,-3.707063255768587307e-01
3.184827151412720241e+02,-1.365110371572407360e+02,1.065791723949824821e+01,2.030456757955989566e-03
3.194425735500632868e+02,-1.355337888050064521e+02,1.080315409420609285e+01,4.757051408279253657e-01
3.201563648488927356e+02,-1.360910837089608947e+02,1.062969563056259403e+01,1.328667203136600916e+00
3.213665246630061461e+02,-1.356222610520947285e+02,1.049276215531097378e+01,3.187222847621680177e-01
3.230705918820412990e+02,-1.367905406826160117e+02,1.048934770912083536e+01,1.182580295739422027e+00
3.239801475971032687e+02,-1.358641680321605065e+02,1.108895201719803936e+01,5.177772474930363300e-01
3.242744954184906305e+02,-1.355152260851706671e+02,1.031855473687807745e+01,4.570945047867313038e-01
3.258435877622063686e+02,-1.359063826815947778e+02,1.036681540003310786e+01,5.837085954225970097e-01
3.271968469787065601e+02,-1.353981031382785147e+02,1.058751439409116735e+01,3.191642310997748200e-01
3.270017438251711610e+02,-1.360547153684120474e+02,1.048458826699937418e+01,1.509210648208133998e+00
3.291285865729216766e+02,-1.350519805590621729e+02,1.056070920166625626e+01,7.159208432621809726e-01
3.295413226289032309e+02,-1.345330063815835899e+02,1.034889938305362378e+01,6.325025387544758182e-01
3.311737443004611805e+02,-1.358717122763527527e+02,9.815203104065574280e+00,-3.301384275985225214e-01
3.315197591271835904e+02,-1.359447719273013604e+02,1.061946685259230705e+01,-6.307194628869229325e-01
3.320099119753714376e+02,-1.349719350652705145e+02,9.765739584582671995e+00,-3.559733490966627834e-01
3.331074563493627920e+02,-1.348822517125200307e+02,1.017953606557809643e+01,8.827573234220356113e-01
3.349522992021464347e+02,-1.359612060922780472e+02,9.844008850108426856e+00,-6.083454428767013367e-01
3.360618977882434706e+02,-1.359734966728269399e+02,1.001855658169181140e+01,-7.026479428519628589e-01
3.364838217696818674e+02,-1.359337426581364241e+02,1.013806417160480677e+01,-3.775148842382562986e-01
3.382562572164072208e+02,-1.365310769386206857e+02,1.010621621247961244e+01,-5.677912846310697592e-01
3.381068170115119642e+02,-1.363732855808623867e+02,1.013273678254998167e+01,-3.063580814054490675e-01
3.399044543696509209e+02,-1.364688143968720340e+02,1.048328564399874274e+01,-2.697020122493146710e-01
3.403290321380364958e+02,-1.364359176176257620e+02,1.010651997988528983e+01,-1.027671447347705325e+00
3.416086450598538136e+02,-1.360474799226829248e+02,9.926981767784836208e+00,1.686770467057475131e-01
3.429568660586983810e+02,-1.358594803654698637e+02,1.027526224333917781e+01,6.202714576603288732e-01
3.435018378481271384e+02,-1.352490039211774331e+02,1.034561922396695088e+01,-5.512716963185161356e-01
3.447392215017474655e+02,-1.365617901870932087e+02,9.626265086391304848e+00,9.861368141243803676e-02
3.464326593324781243e+02,-1.356418820588492054e+02,1.015935656104069018e+01,-5.670084281453877662e-01
3.466417933758874028e+02,-1.362698953702801816e+02,1.021761565047391862e+01,-6.811356498417955874e-02
3.483476564563943043e+02,-1.362561653159413879e+02,9.906441846119689032e+00,-4.864607488772521027e-01
3.483650903213423931e+02,-1.359683616670058370e+02,1.041404552708745612e+01,-3.913373624940967299e-01
3.501977091578244199e+02,-1.369162540379753352e+02,9.983616525846121803e+00,-4.369096734394469772e-01
3.516590126752890342e+02,-1.361693733591066291e+02,1.009188589697422955e+01,-4.459016344316206748e-01
3.507072424937154551e+02,-1.363434340590330862e+02,9.996442240904558574e+00,-5.409129238838176201e-01
3.525499685486569774e+02,-1.362634577930517992e+02,1.005818804040627690e+01,-1.025639687300081260e+00
3.542420010132706807e+02,-1.364721790505457193e+02,9.721605206813496380e+00,-1.229384478962650906e+00
3.548550957086088147e+02,-1.355292603880727142e+02,9.599519254720519257e+00,-1.225561649658847729e+00
3.561561448793159457e+02,-1.371270646492134802e+02,1.061788692896755570e+01,-1.413570691666040657e-01
3.566859099116864513e+02,-1.371045137388260287e+02,9.919217219645640071e+00,-3.018245693521971473e-01
3.580472937474551145e+02,-1.372456946163776763e+02,9.863545781905838084e+00,-8.584410146218629523e-01
3.589484790754931396e+02,-1.372603954722363540e+02,9.577171360624262775e+00,2.533888848113929892e-02
3.606350354649821384e+02,-1.372411543881378293e+02,1.005657888532340749e+01,6.741868355633607868e-01
3.612020023577189818e+02,-1.362145906740483952e+02,9.839548081139380287e+00,1.914123783078145014e+00
3.622763902503116356e+02,-1.360633819512621869e+02,1.082057438009716499e+01,5.243015371398506153e-01
3.629386900574124297e+02,-1.370485187964193301e+02,1.067334133879910141e+01,-4.233445706214944426e-01
3.639389828119821573e+02,-1.371029239328097162e+02,1.017512873189411415e+01,9.899975192011131186e-01
3.650107698880467524e+02,-1.364112582488421594e+02,1.111836132098500940e+01,5.121487076871600319e-01
3.664716283206606704e+02,-1.368598806776568324e+02,1.076806232124721241e+01,1.018894541415084731e+00
3.671124270298801093e+02,-1.361631614788018112e+02,1.038772079313492469e+01,1.243372083748884194e+00
3.685246128369599887e+02,-1.363224717589341708e+02,9.818239667753507760e+00,5.154043880020824364e-01
3.704791603345611293e+02,-1.371290197755212148e+02,1.130462803904362268e+01,1.605660424855482327e-01
3.709382782851285469e+02,-1.357171722118748107e+02,1.019568824171365229e+01,-1.260477922358230751e+00
3.713984885677319312e+02,-1.357677731671610388e+02,1.009422437994478905e+01,-2.003028047952128965e+00
3.732238096011469679e+02,-1.371611777432041492e+02,1.092379419209438574e+01,-2.064870977473272085e+00
3.734723187174137138e+02,-1.373048240687906230e+02,1.126346336049676289e+01,-2.385325387280478271e+00
3.737333863814836263e+02,-1.371383937800784167e+02,1.117620429703403673e+01,-1.202560514876884756e+00
3.753152169237038720e+02,-1.373622103419135669e+02,1.083728703691606832e+01,-2.362721155715294508e+00
3.759507256222043452e+02,-1.374731648175731209e+02,1.084704133804702231e+01,-3.088747088635173998e+00
3.777849192985236755e+02,-1.370648294915377505e+02,1.100156924590448071e+01,-2.541567269647753591e+00
3.790670875172807541e+02,-1.383489090440924087e+02,1.119970144835199477e+01,-1.546047248250946637e+00
3.809830417124427981e+02,-1.389298509553179031e+02,1.095380471338267725e+01,-2.885603898328770622e+00
3.814155660236858125e+02,-1.394282059297466674e+02,1.110405313617136080e+01,-2.118644976909021427e+00
3.822565478576153737e+02,-1.393125260474936908e+02,1.112117991379125570e+01,-2.080740659414438198e+00
3.838899109596610515e+02,-1.392281301705806413e+02,1.086491109383501907e+01,-2.880526060134849686e+00
3.834914255018176164e+02,-1.385545683004353350e+02,1.113364734946215151e+01,-2.208321350351786005e+00
3.858459339453613097e+02,-1.399411858243373388e+02,1.080344805559633770e+01,-2.341613870832518707e+00
3.872443671232344968e+02,-1.398365271691001510e+02,1.127857671180134780e+01,-2.534549967831303263e+00
3.872586096459586429e+02,-1.402204017092231823e+02,1.109310509343004014e+01,-2.903938816012806790e+00
3.897107887509017701e+02,-1.399055033056415596e+02,1.107901280933240429e+01,-3.006334301884980853e+00
3.904582517875543886e+02,-1.395190997072459140e+02,1.155488679043510913e+01,-2.611945370822931878e+00
3.912478339231954010e+02,-1.412942576207043430e+02,1.208234364928948779e+01,-2.574423086242284331e+00
3.929620608750489055e+02,-1.414276405781882886e+02,1.217741560030034087e+01,-1.022887071479795962e+00
3.949673138067071818e+02,-1.408897854730201971e+02,1.139182417700483363e+01,-2.409341401939970151e+00
3.951349778486165292e+02,-1.411729696082399812e+02,1.182388499185203123e+01,-9.530889972583974634e-01
3.963726739340546601e+02,-1.408117392198133473e+02,1.232742055456857599e+01,-1.931998046720147411e+00
3.972299405941155328e+02,-1.416750212989291811e+02,1.181582781174999752e+01,-2.744434808988204022e+00
3.982604527164790511e+02,-1.423441581100146038e+02,1.219014862825869550e+01,-2.503509373883243683e+00
4.003374712752623168e+02,-1.420507215565748709e+02,1.253430028749486880e+01,-2.273065967370383689e+00
4.007335150165336586e+02,-1.420131843456864260e+02,1.210203228851960233e+01,-1.836096409540383556e+00
4.024428758889266646e+02,-1.423933056306693459e+02,1.248697106013288760e+01,-2.525663296669013125e+00
4.034163063607608137e+02,-1.428184201822291755e+02,1.208021548978805093e+01,-1.917644979447359566e+00
4.051429438512877823e+02,-1.428460351634967083e+02,1.230277824952731969e+01,-3.242427384682025071e+00
4.063394257771220168e+02,-1.430505434140649470e+02,1.278734244088195027e+01,-2.502821619006120102e+00
4.079738782185613672e+02,-1.431788848054656000e+02,1.234723709947949466e+01,-1.885097931195220733e+00
4.084827344782938212e+02,-1.438266429113307368e+02,1.295848673427617292e+01,-2.208507674964254264e+00
4.099059551635579055e+02,-1.444592147055761018e+02,1.302560819515581159e+01,-1.628127029930095393e+00
4.108672282363813224e+02,-1.445083597926321488e+02,1.332292161700380362e+01,-1.698099835133585422e+00
4.124668548291739967e+02,-1.441319744512914269e+02,1.339108788961571506e+01,-1.227904229224599408e+00
4.142236953427628237e+02,-1.452559852021920221e+02,1.386967849927553331e+01,-9.451262367677603082e-01
